0test@test.com,1.5467079130005779E7,www.google.com
1test@test.com,1.3298217278055969E8,www.google.com
2test@test.com,8.153422514385164E8,www.google.com
3test@test.com,8.578661963013965E8,www.google.com
4test@test.com,5.671486683467207E8,www.google.com
5test@test.com,6.733641976488242E8,www.google.com
6test@test.com,4.5375522745508313E8,www.google.com
7test@test.com,9.328358577141328E8,www.google.com
8test@test.com,7.34547412994855E8,www.google.com
9test@test.com,6.17614979415033E8,www.google.com
10test@test.com,8.44646696093076E8,www.google.com
11test@test.com,4.381379329037571E7,www.google.com
12test@test.com,1.7429520726880687E8,www.google.com
13test@test.com,3.034166629134489E8,www.google.com
14test@test.com,5.742548297792681E8,www.google.com
15test@test.com,1.2747498915260468E8,www.google.com
16test@test.com,1.038988237543571E8,www.google.com
17test@test.com,6.18525611684879E8,www.google.com
18test@test.com,1.0429056696899919E8,www.google.com
19test@test.com,6.67615438285139E8,www.google.com
20test@test.com,8.992495874776796E7,www.google.com
21test@test.com,2.010602416501075E8,www.google.com
22test@test.com,7.265544871945854E8,www.google.com
23test@test.com,4.3646379222185993E8,www.google.com
24test@test.com,8.308606407446287E8,www.google.com
25test@test.com,4.503595791814784E8,www.google.com
26test@test.com,6.88514001201002E8,www.google.com
27test@test.com,8.455290746048179E8,www.google.com
28test@test.com,3.538694849075732E8,www.google.com
29test@test.com,5.696344623353171E8,www.google.com
30test@test.com,4.626806781733206E7,www.google.com
31test@test.com,7.839447808197364E8,www.google.com
32test@test.com,3.8938996077397937E8,www.google.com
33test@test.com,5.579223724014145E8,www.google.com
34test@test.com,4.116778098031358E8,www.google.com
35test@test.com,4.091836829663041E8,www.google.com
36test@test.com,8.134988683495601E8,www.google.com
37test@test.com,7.963959871752365E8,www.google.com
38test@test.com,6.520433312376488E8,www.google.com
39test@test.com,4.7318157857022256E8,www.google.com
40test@test.com,9.55189875417838E8,www.google.com
41test@test.com,6.328643894406643E8,www.google.com
42test@test.com,7.735583234762788E8,www.google.com
43test@test.com,4.163224074169834E8,www.google.com
44test@test.com,2.5419294345445886E8,www.google.com
45test@test.com,1.583454424437054E8,www.google.com
46test@test.com,6.738756389575337E8,www.google.com
47test@test.com,6.424011070447829E8,www.google.com
48test@test.com,2.2468781732940945E8,www.google.com
49test@test.com,1.9087610228050154E8,www.google.com
50test@test.com,1.8446891220429406E8,www.google.com
51test@test.com,9.959499903159574E7,www.google.com
52test@test.com,9.312407331957825E8,www.google.com
53test@test.com,3.342675192611062E8,www.google.com
54test@test.com,8.400762635286871E8,www.google.com
55test@test.com,5.356379051330959E8,www.google.com
56test@test.com,2.155201808622018E8,www.google.com
57test@test.com,8.6329972273504E8,www.google.com
58test@test.com,1.10364338591602E8,www.google.com
59test@test.com,5.698059091549833E8,www.google.com
60test@test.com,7.258244050855561E8,www.google.com
61test@test.com,1.0189076320881008E8,www.google.com
62test@test.com,4.080519275921593E8,www.google.com
63test@test.com,2.9987367693030454E7,www.google.com
64test@test.com,3.9617955483978194E8,www.google.com
65test@test.com,9.07063616954467E8,www.google.com
66test@test.com,4.808440664342983E7,www.google.com
67test@test.com,8.400240100699152E8,www.google.com
68test@test.com,3.97743929488196E8,www.google.com
69test@test.com,8.4907322157952E8,www.google.com
70test@test.com,4.7405152229364735E8,www.google.com
71test@test.com,1.1067380126530346E8,www.google.com
72test@test.com,7.424808941322501E8,www.google.com
73test@test.com,6.86845750905639E8,www.google.com
74test@test.com,4.908928349734896E8,www.google.com
75test@test.com,9.869606548513584E8,www.google.com
76test@test.com,6.575386570659692E8,www.google.com
77test@test.com,7.779201952949212E8,www.google.com
78test@test.com,9.470363755060942E8,www.google.com
79test@test.com,2.3533973480535752E8,www.google.com
80test@test.com,5.685026624009879E8,www.google.com
81test@test.com,1.3337242317467023E8,www.google.com
82test@test.com,2.944680173060207E8,www.google.com
83test@test.com,5.1602173391141737E8,www.google.com
84test@test.com,3.0662155054032914E7,www.google.com
85test@test.com,9.307403760496593E8,www.google.com
86test@test.com,7.21830339708398E8,www.google.com
87test@test.com,7.789625992847373E8,www.google.com
88test@test.com,2.2965938442988044E8,www.google.com
89test@test.com,4.317582918417021E8,www.google.com
90test@test.com,1.0350148749824195E8,www.google.com
91test@test.com,2.464406113596703E8,www.google.com
92test@test.com,7.363665563813865E8,www.google.com
93test@test.com,4.167467125706049E8,www.google.com
94test@test.com,8.367058836873701E8,www.google.com
95test@test.com,805206.6639236965,www.google.com
96test@test.com,4.556184157024168E7,www.google.com
97test@test.com,4.4379452546719366E8,www.google.com
98test@test.com,7.49060625290278E8,www.google.com
99test@test.com,2.8289762103486115E8,www.google.com
